,target,f1,f2
0,1,-0.04544998892120279,0.4365961198582798
1,1,1.0209536154521477,-0.42745753892375493
2,1,0.8751252548909273,-0.27916559518487055
3,1,0.30655342839772026,-0.43834233020248564
4,0,-0.835136400615706,0.5341627102501101
5,1,0.6088251306094996,-0.2581706292147117
6,1,0.2876932081058792,-0.20241390913105964
7,1,-0.050159003843304996,0.471195811743636
8,1,1.6074016598436391,-0.30035083907275184
9,0,0.7042066586736802,0.8485175288420241
10,1,1.1788585898769326,-0.3935035735211635
11,0,0.86337794487357,0.5457150838002404
12,1,0.3221957909963538,-0.1382799264201632
13,1,1.92575547527011,0.13631013020421406
14,1,2.0218010210751163,0.049409501535744416
15,1,1.6660535659685758,-0.08735865648144898
16,0,-0.21236940912313668,1.0556999568261753
17,1,1.8252845334457455,-0.15849485320693787
18,1,0.9927047613757134,-0.4715554474003886
19,0,-0.408859933392027,0.9569940484346248
20,1,-0.03152479582090577,0.16034325445980308
21,0,0.5034769445183418,1.0014006588379365
22,0,-0.6055584890170035,0.728811001383543
23,1,-0.029452691706642845,0.36717532381632023
24,0,0.14790272833149737,0.8957072370323174
25,0,0.22704144083293404,1.0320191768705345
26,0,0.7732758648079139,0.668502969900193
27,1,2.112480305844586,0.3782288648400702
28,1,1.7807856255320154,-0.12317129166838922
29,1,2.0336344893854514,0.2660565064723149
30,0,-0.4461201213162081,0.9118276474407259
31,0,0.4940105070455271,0.7929027083940227
32,1,0.18114294285355437,-0.2363793674583474
33,0,-0.9846465216777223,0.07520088585149147
34,0,-0.768111739014607,0.5165467389540858
35,0,0.3348291536150154,1.1858169566241639
36,1,0.5983334590194853,-0.4193556961186564
37,1,0.2970044690979057,0.04858803235210113
38,1,1.8351434140149003,-0.038789103551085474
39,0,0.9543236742334618,0.26038980532196104
40,0,-0.5950738604807355,1.0501542161964095
41,0,0.8393957892509131,0.5772726015527102
42,0,-0.3915308709752595,0.9938746793496606
43,1,2.2161212469920484,0.3904103694852835
44,0,-0.359548775556084,0.9398256233336574
45,0,-0.07588051948441374,0.9325976794720118
46,1,1.967279577520002,-0.16369809757045722
47,1,0.17475756772234535,-0.03734788707425858
48,0,-0.8151868057737524,0.29516420786109854
49,1,1.3881888014526753,-0.3755301432952703
50,1,-0.005739126142563236,0.060010051431724415
51,1,1.7273346433523482,-0.30437083985601615
52,0,6.132376164583175e-05,0.9832309105077749
53,1,0.21541288495102764,-0.1376117111871952
54,0,0.8979870754069257,0.19079760120713984
55,0,0.9102964466169139,0.17294414766410704
56,1,0.2593100143002674,-0.15753455276492093
57,0,0.9370378550685416,0.07635197681540916
58,0,0.10803946630351441,1.0446308861543383
59,1,1.4190856807383792,-0.3891508246507472
60,0,-0.057296365454322845,0.8578134377611487
61,0,1.0677364235210707,0.09411902606751721
62,1,-0.15229745799149266,0.12699038571751203
63,0,0.14624749884188995,0.9860017638272812
64,1,0.23289218353390395,-0.13190343786431952
65,1,0.6323589570248164,-0.3876890363346476
66,1,0.5515524959464372,-0.47145248990488475
67,1,1.6368722716002773,-0.24912699762438872
68,0,0.9481298551357841,0.35703660575800544
69,1,0.02839106772082468,0.23527478146009992
70,0,0.7181487117783828,0.5582929636332992
71,0,-0.9903995023336503,0.026034615065922355
72,1,0.20132281354121667,-0.13157656160813652
73,1,0.9149500974342997,-0.5191979066934698
74,0,-0.19114143467963973,0.8797788313438324
75,0,-0.2250091872239516,0.9919853622442077
76,1,0.5721665101994851,-0.4080812234082958
77,0,0.910856347542498,0.15871359076982908
78,1,0.0026369870303971643,0.12736102427550636
79,0,-0.465887136751983,0.861720378003561
80,1,0.6889973432535429,-0.5608837549987831
81,0,0.982977665458062,0.27649470976934865
82,0,-0.04765104005422505,0.7918517465252355
83,0,0.754534264897996,0.3603759058225027
84,0,-0.33055237545187155,0.9056532296389038
85,1,0.01510080340674275,0.32352533642931386
86,1,2.193951740121297,0.5542074203270034
87,1,0.7222990975880523,-0.5127605254915207
88,1,0.9060731716749675,-0.49068366638181643
89,0,-0.6154553786995001,0.932976311182361
90,0,-0.5602512421722822,0.7363608332320988
91,0,-0.99690813485101,0.34504300937937205
92,1,0.15542479223488265,0.5032798599176477
93,0,0.10668135960273241,1.0263262309062025
94,1,1.2196753405117642,-0.3996661906971819
95,0,-0.8878413223539057,0.1730408706804791
96,1,1.059840844944852,-0.4779658210056454
97,0,0.7213191891665438,0.5784092384149402
98,0,0.7852052064419824,0.3144562832665442
99,1,1.5839397150608008,-0.4657824678860528
100,1,0.8423086472569905,-0.635662754722957
101,0,-0.4090918664905898,0.7752699907159903
102,1,1.9309454508227097,0.12979751415532745
103,0,0.013769889096779606,0.8624365908449081
104,1,0.33948389074186286,-0.31052331710168846
105,1,0.23150693682658677,-0.19856643399829893
106,1,0.02554041216859205,0.188366190103166
107,1,1.9846438702835445,0.22068560120889746
108,0,0.6686379321079702,0.8669702942600425
109,1,1.729458837701104,-0.02965987233444666
110,1,0.06047381921377318,0.37256339030113517
111,1,1.3485009784909752,-0.31117947085737097
112,1,1.837460083504453,0.5149453728726924
113,1,1.2878036081531974,-0.4339928646742737
114,0,0.9527802615502919,0.5261323351745668
115,0,-0.8388436457663342,0.46509848334269843
116,0,0.5165490587176828,1.0117710740824106
117,1,1.9504358200522485,0.4251382683825089
118,1,-0.11456693860354866,0.2823630868400494
119,0,-0.20284777736939757,0.9730569255255247
120,1,1.8217485969262783,-0.1430358409655303
121,0,-0.7918069945548155,0.44197846076254743
122,1,0.7303307335119928,-0.39392634796018944
123,0,-0.19252191408145686,1.0429088175431889
124,0,-0.015207634698030381,1.11191838699231
125,1,0.04470582690595502,0.14918092101770739
126,1,0.17058176069470457,-0.17276262146310334
127,0,-1.0013166550475618,0.4273797800377508
128,1,1.752204918491517,-0.2131616602481686
129,1,1.1911556434501716,-0.39718712094462494
130,1,0.25223879079791944,-0.07947155263838962
131,1,1.6963415732056646,-0.37163458125595794
132,0,-0.14331691829916998,0.7716273637713155
133,1,2.082467398220826,0.5030671309921732
134,1,-0.13474280049226178,0.1601612284713931
135,0,0.8621091988642461,0.41081864703232684
136,0,0.7009010103411831,0.6132169632884118
137,0,0.12495002858534753,0.8819216627472378
138,0,0.8136080007359943,0.048079745706244195
139,0,0.802656569235777,0.4993670716728203
140,0,0.9469612260504514,0.19918224834432086
141,0,0.2236138402914228,0.9401254153182375
142,1,0.9265708625199096,-0.3380458737662342
143,0,-0.3383160002325963,0.9870562226104147
144,1,1.738885043312185,-0.17281172099190603
145,1,1.9101806297307298,-0.0660207054534607
146,1,1.3271137973354883,-0.44346281630940815
147,0,0.001013919335199051,0.8937792345728751
148,1,1.5123903701422639,-0.3032578021262411
149,0,-0.40417316347641796,0.866492959179476
150,1,0.31515302883782365,-0.3468367341358688
151,0,0.7568909062487703,0.9230188617056482
152,1,1.9148133107575458,0.3767581472134878
153,0,-0.9370795677042858,0.4791186824166841
154,1,1.9829833213668537,0.24043073536731985
155,0,-1.0495411511083443,0.24026893295505025
156,0,-0.5232683371541795,0.8174938966129303
157,1,0.7550263119703915,-0.5314325656144034
158,0,0.8538163131412599,0.368081860685409
159,1,1.8116811777837478,-0.2578717655946968
160,1,-0.1396804145036653,-0.14139241907068129
161,1,1.218459856914388,-0.4630545965371447
162,1,0.5278038262418717,-0.4082822038331071
163,1,0.2661981482578011,-0.26849635040596803
164,1,1.686354363624593,-0.21956393490096582
165,1,0.5930842275573512,-0.3332724698445499
166,0,-0.264116820678949,1.0180938724638868
167,1,0.6734664853919616,-0.3511623418485651
168,0,-0.3042420888365837,1.0565292581289738
169,0,-0.43017823074620165,0.971583065370099
170,0,-0.6790592422128509,0.6885453972478524
171,0,-1.054141735949767,0.17012907147914946
172,0,0.8072723564792261,0.6745276760929745
173,1,1.9777045859333353,0.43739114150317043
174,0,-0.9230548164692781,-0.052291620450615306
175,0,-0.6530753860483673,0.7634706987361815
176,0,0.039470178147744714,0.8780763471041331
177,0,0.07478780940810578,1.017438660439654
178,1,1.3485350125224784,-0.4819952025478245
179,1,0.6076632272257244,-0.39330972206644554
180,0,-0.8906962058639867,-0.0982607966071386
181,1,0.5359223435053126,-0.34056978491363776
182,0,-0.736016121811676,0.6583390796262868
183,1,-0.019298802220857156,0.3527573561336488
184,1,1.4027746710824163,-0.23777969296588458
185,0,0.6073126811955775,0.7709874702515898
186,0,-0.5833937088154426,0.7400849471517169
187,0,-0.6765457738628484,0.5638922020786237
188,1,2.002189185223751,0.24599980094095658
189,1,0.8437626970939023,-0.5365794043059696
190,1,1.8382054306138857,0.1684074360500595
191,1,1.5382540513097194,-0.2884780953345102
192,1,0.5457237687267992,-0.21373921284445885
193,0,0.2925902148174679,0.8466561558358876
194,0,0.21746562304392514,1.0307069902987263
195,0,-0.9507773769505073,0.6914968031978987
196,0,-0.41555076963522963,0.8495253166552721
197,0,0.19433376464585483,0.9058405849574009
198,1,0.24924487001688667,-0.17355833125942094
199,0,0.9673737512348901,0.4407024150133101
200,0,1.0288741341853054,0.1789616219533953
201,1,0.0484497116773317,0.2607216098058746
202,1,0.7272676916257872,-0.3766810458829679
203,1,0.10509555176021836,0.2034698803554175
204,1,1.4330697201547358,-0.32625039819555857
205,1,0.28958187149442915,-0.024037600688782537
206,0,0.4144874600465325,0.857318770386121
207,1,1.9065130610236563,-0.05630648288624332
208,0,-1.1219273300126378,-0.0032683624391485894
209,1,1.3853511300440542,-0.3932907510689526
210,0,0.7742028539761073,0.4487219903457646
211,0,0.5740796527427993,0.865242611069478
212,1,1.8685023483513044,0.048499105429039305
213,1,1.4532188708789082,-0.44524295431353045
214,1,0.662037048812271,-0.372803967356673
215,0,-0.39876853325929035,0.7727975078509478
216,1,0.5208241922619774,-0.3154886575721996
217,0,0.0009719552927782448,0.9486046206357445
218,1,1.813195551243911,-0.08366024677615969
219,1,0.9578701269823244,-0.4680957603075726
220,0,-0.29510880426623776,1.0999191946418014
221,1,0.8237015835581513,-0.4918529849039244
222,1,1.9643795499780397,0.34172318977248356
223,0,0.9366811145433089,0.2377542492483976
224,1,1.8145987370208685,-0.19960066786351977
225,0,1.0889201737926257,0.06868910359737096
226,1,-0.006287954306408147,0.1864666168604603
227,0,-0.5665489554876345,0.7345496726366081
228,1,1.9894858310873964,-0.030859011695506172
229,1,0.06096857198004911,0.33661757027017364
230,0,-0.6126197974585744,0.9261869096966472
231,1,2.0098125837929603,0.5540394066713081
232,0,-1.0114014877206243,0.23163662236219393
233,1,0.14554353292495315,0.24159389826351269
234,0,0.9452383340408363,0.224678657817364
235,0,0.8881730307412903,0.14629556898964807
236,0,0.1718905027731881,1.0948640152759295
237,1,2.241276043299347,0.26659091144192804
238,0,0.2701628192784583,1.0029871832524488
239,0,-0.6033207817218008,0.9157591663075287
240,0,0.9546186252165786,0.037929754986773714
241,0,0.38075034124550744,0.9492847397972565
242,1,0.08784101048672928,0.49055747401293825
243,1,1.1388311236399558,-0.5329757676870979
244,0,-0.48881992956287934,1.1175553175782136
245,0,0.7641488682282691,0.7939071844214467
246,0,-1.05408480962237,0.3693248496367494
247,0,0.9568247500329331,0.4821438494104312
248,0,0.9113476469235526,0.39169394232206667
249,0,-0.10386643571253855,1.0436443637095603
250,0,0.9058208417862369,0.43192062462058517
251,1,2.0278739017912053,0.42342097876555707
252,1,1.0975836587845107,-0.47377542322073185
253,1,1.7752382537132942,-0.018335056109467535
254,0,-1.005651650655758,0.615048472884442
255,0,-0.5504023869940482,0.9235629973159994
256,1,0.040831121593461625,0.3728492766155317
257,1,1.939205956236264,-0.11120995311380254
258,1,1.9844747487993484,-0.02973623296950262
259,0,0.8594737022894781,0.006958048373603504
260,1,0.6952271094919248,-0.4703491655952162
261,0,-1.0005098108829718,0.3234572944233933
262,0,0.877655519298098,0.4481535017202374
263,0,-0.17914846234655735,1.0414690878596988
264,0,-0.5500613567017144,0.8896084515066014
265,1,1.788048789975199,-0.2424329618093565
266,1,1.3332614100641882,-0.33685677586684243
267,0,-0.7595334463603334,0.7152266778906775
268,1,0.29183777553111345,-0.2839612571889331
269,0,-0.7321542312691899,0.6145489511136117
270,0,-1.0101775763418988,-0.036514260848236925
271,0,0.7194093970684983,0.7167829881596023
272,1,1.7589784540619589,-0.08286684409174475
273,0,0.00939295019430422,1.040723185667226
274,1,-0.0015565564734802279,0.4534306073392938
275,0,0.8093124412619486,0.3210294332047544
276,0,0.25208924622781625,0.9801141455766952
277,1,0.11852607671030202,-0.045979583540233133
278,0,0.8976562703066259,0.42957630800433727
279,1,1.3059262401580882,-0.4925975992753481
280,1,0.19554195699269844,-0.10329724417457026
281,1,1.2918320440613142,-0.275310324642054
282,0,0.1527244186889275,1.0255016846172225
283,0,-0.29262792620151573,0.9737434702235356
284,0,0.25780186708431113,1.0111982729327433
285,1,0.6999125529582897,-0.4189830264147319
286,0,-0.7341281046486883,0.9184370338821495
287,0,-1.0203083266370354,0.33631224582488645
288,0,0.2316445414357863,0.9672694953511916
289,1,1.98344619330287,0.3255431524719873
290,1,1.9956409841662728,0.2044809097923231
291,1,1.1369590954926112,-0.5414878414217706
292,1,0.0942426298261808,0.5449997922104886
293,0,-0.910888565847748,0.27575903488979203
294,0,-0.5344464617344202,0.7359592342426183
295,0,-0.9701698966685675,0.10135172038719045
296,1,1.8048941239238456,-0.04005178159852196
297,0,-0.9814125919799486,0.5719929445930523
298,0,0.859283619305569,0.01673793508308096
299,0,0.44408502366411423,0.7740883546657149
300,1,0.048402608735443935,0.18171966160234776
301,0,-0.8337318824503519,0.5010257347325258
302,0,-1.1966965623414043,0.04535467856046878
303,0,-0.8794571172694773,0.5673596673534141
304,1,1.1375864150108237,-0.4857398295392515
305,1,1.846754797364841,0.05243267624235823
306,0,-0.37716741323620545,0.6976314676041745
307,1,0.32187946720339244,0.10483406653364323
308,1,1.9786268490472814,0.15389328535698787
309,1,0.0649117757193576,0.1258687007042738
310,1,0.15306310189887562,-0.008081729640309829
311,1,0.014751814587027796,0.22671630663226416
312,1,0.04888341796335954,-0.0767250401417206
313,1,0.8229918794633233,-0.5199862661762624
314,0,-1.1209829591531966,0.3513114149424665
315,0,-0.8220499611819261,0.35515188847053314
316,0,0.08064711569160228,0.8480398676983412
317,0,-0.6135359546851958,0.784578920730448
318,1,0.7778257985102047,-0.44125956490007084
319,0,0.40010085969282494,0.9922650275806592
320,0,0.8932850041247019,0.3927621282375252
321,0,0.7221775088748862,0.7959168431669419
322,0,-0.3766494562874097,0.9516029798165696
323,1,0.34998505025882787,-0.20889667620174968
324,1,1.28082400714324,-0.450492293869964
325,1,-0.024841385300438532,0.49834162126464915
326,0,-0.5050285867623667,0.718493504710271
327,0,-0.8926703315591124,0.06094543362026296
328,1,0.7351999819157146,-0.4031438749531311
329,0,0.7366873291946101,0.6797890624642698
330,1,0.7836713646066584,-0.5078931723092077
331,0,-0.21382660532470246,0.8514361734278533
332,1,0.8492827700206437,-0.5554313209208662
333,1,0.5121067684281466,-0.3371753934526422
334,0,1.047192647252762,-0.06614193730300195
335,0,-0.43841460590588277,0.9544492000005587
336,1,0.8397569444560407,-0.3166267429987144
337,1,-0.0948649643523432,0.23249530927640077
338,1,1.8283740775176653,-0.36873000703270087
339,1,0.04852001070574996,0.29970768121913893
340,0,-0.9531144545358653,0.06855729497647209
341,0,-0.9556133144544674,0.3908927490116531
342,0,0.5566665657732203,0.9826730044880075
343,0,0.7332346405701357,0.6601455000251243
344,0,-0.9354181199652388,0.6646522836236805
345,0,-0.9779122809501073,0.4130957764041211
346,1,0.0003212721382863659,0.1606581658827769
347,1,1.7545326473306704,-0.0652527223312303
348,0,0.787756516161065,0.5999068525856169
349,1,2.0222937672244914,0.1409419534476457
350,0,0.4596527877517173,1.0990465076625255
351,0,-0.25916991466427647,0.8771154414909047
352,1,1.8557434313111767,0.06621933166552207
353,0,0.8836742337991066,0.5762890536458048
354,0,-0.24963320369145212,0.9047816268740216
355,0,0.5895806393203247,0.7910231495268556
356,0,-0.39495368097891137,0.9571973482709296
357,0,-0.7480655412227093,0.4272214985540022
358,0,-0.3449607895698377,0.7769335528128921
359,0,0.5683810937078569,0.6607644696505404
360,0,-0.8811265355169462,0.5306365955852062
361,1,0.13094588453521225,0.12779835085204413
362,0,0.5926096952262158,0.7715149706133824
363,0,-1.0002644307091295,0.33617407964324636
364,0,0.5580038770955253,0.9110027887246305
365,0,0.8881490761551125,0.09529302038142322
366,1,1.0840256934091663,-0.5105745040695797
367,0,0.35610408841586594,1.0011269993176022
368,0,-0.8419234889602201,0.499231587231051
369,1,1.795468710071631,-0.4007398416178706
370,0,0.5606598804403145,0.8771113507042636
371,1,0.7461061041857077,-0.46115018216861586
372,0,0.6014289564269284,0.8133932126398922
373,0,0.4237487937246326,0.9912097141395794
374,0,1.0504463128840642,0.09172914840010535
375,1,0.9260317185256628,-0.520870630516997
376,0,-1.098184960598314,0.10005503355360232
377,0,0.802941849559534,0.5617583878592547
378,1,1.8516311108869072,-0.016116048654499882
379,1,1.3689541983185085,-0.40336382823722616
380,0,0.2941771833755239,0.9703675353152512
381,0,0.5529262142850958,0.8389451072960088
382,1,1.03707450938654,-0.4586599602329597
383,0,0.06397557502781132,0.9059342119457903
384,0,0.23035771445035946,0.9876615116611357
385,1,1.7254794418800687,-0.01861721631803312
386,1,-0.25994440846734523,0.5263942382720153
387,0,0.6996030139757512,0.6672391882887073
388,1,2.0470052828441028,0.32794344713940804
389,1,1.0666490892126086,-0.4505804288116835
390,0,0.3330289551199913,0.9130381399590712
391,0,0.916141420107867,0.21828610574227486
392,1,0.6364585355728579,-0.5074171516244642
393,0,0.8048284664938674,0.5722358381516374
394,1,0.15099976803076426,-0.09170310885069774
395,0,0.8004037308948687,0.42742393647080756
396,0,-0.7849787675419347,0.7638397107117438
397,0,-1.0302556161636178,0.33239996522815546
398,1,1.035635109038846,-0.40984217248685867
399,1,1.9542810169628793,0.382015012125716
400,0,1.097309139590855,0.12202584750050281
401,0,-0.9006965878838423,0.2687026330843439
402,1,0.027302511175720537,0.24123616437694473
403,1,-0.01625572552928694,0.30470020804189313
404,1,0.34117012844044436,-0.24810747802953695
405,1,0.6674473123728273,-0.5402497650414111
406,1,1.8067641210578032,0.05363326879972326
407,0,-0.7052058693633686,1.0342019425647917
408,0,0.8415182787136379,0.311987968876984
409,1,0.10611053955450549,0.37828234572742636
410,1,-0.2021735064900944,0.3593927211087717
411,1,1.800108311287955,-0.18198626840584972
412,1,1.2226596601749333,-0.46176110824282796
413,0,0.011647358196884061,0.8949620607694768
414,1,1.2683665549706875,-0.44765826661378333
415,1,0.7459212930012717,-0.3863159022970132
416,1,0.7146622816995452,-0.30175006708792934
417,1,1.5212496681440004,-0.2961614289987184
418,1,-0.0512301154587012,0.40207398536638533
419,0,-1.0541040732369713,0.32720534952431496
420,0,1.0015639090952957,0.26807315646803415
421,1,0.7638910835030156,-0.4683998835629789
422,0,-0.973604250016986,0.05962833205004755
423,1,0.01802481589456395,0.20173833415303594
424,0,-1.0031885940886243,0.28415427439825447
425,0,-0.6128821821795437,0.842837894515899
426,0,0.8259227058192089,0.45984619390634
427,0,0.9525865647642778,0.31096471095527634
428,1,0.28391573410582854,-0.18440237318421332
429,0,-0.08653991077023893,1.1079879990316215
430,0,-0.33437700824572636,0.9299060286087307
431,0,-0.6156039735898428,0.684310043031692
432,0,-0.5537115180650765,0.901489163184889
433,0,-1.0160812439762061,0.2708970202677775
434,0,-0.0474627176673168,1.1458800857188385
435,0,1.0642696196949037,0.12888609961324027
436,0,0.33545255062927704,0.9433820351807962
437,0,-0.6286290786279678,0.7154426126165508
438,1,1.6829790290049027,-0.29174465234709196
439,1,0.09445163703782455,-0.33770687016853285
440,0,0.21821500663115748,0.9994077184051409
441,1,0.05744840175457928,0.03223795281310539
442,1,2.002321319968015,0.30362446208009264
443,1,0.3084987935672481,-0.23888336212964334
444,1,0.0672359057474065,0.2443956804303773
445,1,0.20570609701024928,-0.06685363196331853
446,1,0.439793370384078,-0.255467770237019
447,0,0.5263751618943125,0.9609333095322891
448,1,0.3992558001811004,-0.31653671981226644
449,1,0.5661430780884125,-0.38351441771377753
450,1,0.13130982627870746,-0.01769275324996619
451,1,1.7746622574591764,-0.16063761430899198
452,0,-0.7827199753700151,0.4846342721191421
453,0,0.5625628174011363,0.9204677425833666
454,0,0.216480432613431,1.0967443846037839
455,1,0.16432180785466902,-0.24000517782324113
456,1,1.9163318690108195,-0.10154836225224805
457,1,0.5441879490628739,-0.2932767524495116
458,0,-0.7664517635052208,0.7467881706996492
459,0,-0.8762496009417038,0.5189867479839845
460,0,0.967984150345538,0.3658117011720602
461,0,0.8733521118673018,0.6148590205159904
462,1,0.20783373429710064,-0.2046253198540428
463,1,2.0363038180602744,0.39322147888131875
464,0,-0.8199518809472616,0.533712450468585
465,0,0.818212096068102,0.7399024817600636
466,0,0.62282102553769,0.5581000230628443
467,0,-0.9105516065400405,0.4197946057101855
468,1,-0.06118573983048427,0.1547837729558421
469,0,-0.9122284337822597,0.2918368525488739
470,0,-0.9966165911889682,0.6679308951461492
471,0,0.9881928308229118,0.4797826921183685
472,1,2.012108477561522,0.027556189704698135
473,0,0.8633833734024423,0.4562422076562565
474,0,-0.31878027302200573,0.8287009663976759
475,1,2.0089833435428996,0.36888743367058136
476,1,2.049346907010729,0.19822507858750013
477,1,2.061689650535862,0.18241273050117696
478,1,0.1544249512226133,-0.0394446833616105
479,1,0.1659342715225661,0.06549456584400169
480,1,0.33483657878319306,-0.20175722605104152
481,0,0.9152405184558711,0.6192414250239063
482,0,0.7479822738265776,0.14128249902432571
483,0,-0.83587343234879,0.52421989700622
484,1,-0.05438873394127389,0.2815589272239203
485,0,1.0067843886835466,0.14453216365004806
486,0,0.9823298643079096,0.31326023324798313
487,0,-0.31231426065456586,0.7804337810373447
488,0,0.4648956413136584,0.8916660293567746
489,0,-0.8966538877175696,-0.01478892830700618
490,1,1.8227320568412884,-0.3736360042827192
491,1,0.06794632226656186,-0.04205518107707841
492,1,0.9139369238651338,-0.6048651367226685
493,0,0.7607763224933589,0.6582329734318266
494,0,-1.0668705177492566,0.458909074050886
495,0,0.5280655917783403,0.8828376290128735
496,0,-0.9738406759909656,0.37554884768436697
497,0,-0.8838395697481959,0.6242359881064967
498,1,1.587908667101911,-0.2304194824496595
499,1,1.7592646800263394,-0.20583845571690568
500,1,0.3178571327309492,-0.4202711894567842
501,0,0.5217747135281134,0.9676554133432667
502,0,-0.76126355684594,0.5101619114593767
503,1,1.885989887832103,-0.07772666146580309
504,1,1.302269116465692,-0.45179698257947415
505,1,1.8821335717575691,0.17660337228795062
506,1,0.6311671373866679,-0.43607236607614175
507,0,-0.820592888421518,0.5840459762615682
508,1,1.9362342501569854,0.37370568587729436
509,1,0.9620965020241273,-0.5012171673675134
510,0,-0.03805279642381266,0.8970930466979756
511,1,-0.13017338542769188,0.17063845851991147
512,0,-0.4904306689338394,0.8664469475384519
513,0,1.0587607635211358,0.10300383726455822
514,0,-0.46188548299337584,0.837643633500594
515,1,1.1331031761442516,-0.581294674538511
516,0,0.07233424497624516,1.0360847301641107
517,0,0.3094374845330225,1.1204353106536207
518,1,2.002130181681393,0.4307493899892314
519,0,0.9176654336229415,0.10969082127411565
520,0,-0.6597861454119078,0.7347457795823108
521,1,0.5551502257592009,-0.4054360448253977
522,1,1.7373052496566705,-0.023879294592202227
523,0,-0.5660352613725569,0.8557346480595152
524,0,-0.875597452971492,0.5781901182166154
525,1,0.04366802469100381,0.10979254221467362
526,1,1.3878456863703699,-0.37019275665402357
527,0,0.24823556131160382,1.1383536747121505
528,1,0.47593467869576,-0.3231817413332694
529,0,0.7694634672547817,0.5592615198226549
530,1,0.19168197591447553,0.14803704878922255
531,0,0.8514991806974637,0.40985532219195353
532,1,0.22419375593035773,-0.14053605487436735
533,0,-0.27931349301268527,0.9305644942333477
534,1,1.665042146003317,-0.3973288565942841
535,0,-1.0475807951811877,0.40644833233957817
536,0,0.5384088138539938,0.8670807770380261
537,0,0.919149867633076,0.4519590693945226
538,1,0.8720466007996301,-0.5587007729755541
539,0,-0.9373434788664868,0.40683427720731785
540,0,0.28997797280162874,0.925487867869234
541,0,-0.04149124854544098,1.0363410904914023
542,0,0.2027432564110283,0.9452574601273311
543,0,-1.1619166674550052,0.09353613638182752
544,0,0.773384279632262,0.7949355669532647
545,1,2.0454237233930983,0.20300216203363886
546,1,0.07173761217587162,0.40725859473558707
547,1,1.3479125990293626,-0.37854631430279956
548,1,0.24810761505886958,0.01698800089701264
549,0,0.7765628696755598,0.6741515487160202
550,0,0.7210683442407184,0.7106089872672973
551,0,-1.0358183126194613,0.11654564181548578
552,1,0.6785610892366835,-0.3689175514663795
553,0,0.9183404799641278,0.24651935759321042
554,1,1.5890708225530852,-0.23704415776439156
555,1,1.8709443641803687,0.0009585706820541828
556,0,-0.6364363630115485,0.7306111370889663
557,0,-0.09235366943124819,0.9891724018427765
558,0,1.061742555278638,0.4144851842541306
559,0,-0.6932672030666366,0.787153045355044
560,0,0.3393719113253423,0.9176873290277859
561,1,2.1613630332197786,0.520155975028076
562,1,1.4347685708641387,-0.3081179456940784
563,1,0.9394970127566932,-0.46901290705261334
564,0,0.0778181585524633,1.027960935630354
565,0,-0.9658201444181295,0.16932988566957358
566,1,0.5330880416059361,-0.2744674456844082
567,0,-0.34463192784673535,0.7401051622423197
568,0,-0.5895796486931466,0.9279553830668017
569,1,2.0276188252654186,0.21814150714483643
570,0,0.5404692762230602,0.769454971721947
571,0,0.6507934864883851,0.5210894229066156
572,1,1.2965019491274292,-0.36057751898938595
573,0,0.8142013726626898,0.4215624609867989
574,0,-0.6157417137415899,0.905368566574129
575,1,1.902424135672862,0.07426803290259915
576,0,0.659817585828767,0.7084773999046068
577,0,-0.8758582982407492,0.08064060410240324
578,0,-0.8444622472819936,0.635987285147288
579,1,0.24817946919581127,-0.13824103982370803
580,0,-0.30559368690529526,0.9942332608691892
581,0,0.81860370517742,0.13066092070849314
582,1,1.4584805434706776,-0.5491619198655113
583,1,1.317350004567233,-0.4075971316472467
584,1,1.2509446122125119,-0.3578587436320806
585,0,-0.8123517210614736,0.605898552583493
586,1,-0.05995918454760876,0.28266949439580635
587,1,0.11862747585893119,-0.3905769944658156
588,0,0.9841930202693469,0.3360176599623907
589,0,0.47479036004500497,0.8862945924888821
590,0,0.011449135264305466,0.9147678189491114
591,1,1.454376314937185,-0.34238808396142817
592,1,0.46446926092428265,-0.3005635449688717
593,1,1.045964959117058,-0.47107055657938074
594,1,1.7111737537387877,-0.3230328987071053
595,0,0.6250152249275056,0.7898481349088975
596,0,-0.2033481710743865,0.9141401614521226
597,1,0.11723824432151381,-0.09066614585915417
598,1,-0.07678710905549221,0.052461922238084255
599,1,0.8145149408021307,-0.4290317262254393
600,0,1.088787900466172,0.029068378364197137
601,0,0.7355678198357634,0.7979742367760003
602,0,-0.35953655468083073,0.9169261616493729
603,0,0.031467567311444546,0.9409607351311309
604,1,0.45748509604539817,-0.37720664405518656
605,1,1.909779612847722,0.2846723942418152
606,0,0.3971768423622293,1.035370312767475
607,0,0.773016682464459,0.7201711021161677
608,1,0.3138279259300818,0.07477739957574345
609,1,0.05163401181154281,-0.1808225733169117
610,0,0.5563924723268064,0.8741085709955442
611,0,-0.23885909546837153,0.9685963712569499
612,1,1.249242443797182,-0.5983868206768221
613,1,0.8760575751086108,-0.31479726553488874
614,1,0.7426371259817761,-0.41565645721240985
615,1,0.5180962182087288,-0.41596272448913
616,1,1.9689901933361385,0.15816907096041596
617,1,0.04390313655770117,0.40607653679249117
618,1,2.1286612799040583,0.46070658220022076
619,0,1.166315002779965,0.28916899713995325
620,1,1.8342224585264324,-0.0533753753146257
621,0,0.5104329418708434,0.6364697549695856
622,1,1.5765926691687364,-0.4887867435590828
623,0,0.515026797291482,0.7687342597828755
624,0,0.9144408413531122,0.04031524294507825
625,1,-0.016047084891979955,0.43141994148683926
626,0,1.0522880025100423,0.2456409338268309
627,1,2.0277157188563297,0.5704078814479066
628,1,1.965763283550524,0.12078821514008815
629,1,-0.06566782097108664,0.3882138141939327
630,1,1.8767798170251275,0.23257722748513826
631,0,-0.9835351109309505,-0.07526503643984991
632,0,-0.21101859959010624,1.0746942882487764
633,1,0.7670603634583166,-0.5391602653608341
634,1,1.595249536738481,-0.3619782874701174
635,0,0.22845705558245125,0.9717945209439866
636,0,1.0561145876939815,0.30077931512160794
637,1,2.0430477412548074,0.17165130831763925
638,0,-0.9117423505979085,0.3251716077345858
639,1,1.8909388783993162,0.23323472237372525
640,0,-0.7349422763634728,0.5524104770633835
641,0,0.048772103846714585,0.9640635674433408
642,0,1.1099169346336197,0.1866583855891954
643,1,2.023250439243386,0.2724267874438637
644,0,-0.5956164962121621,0.8123575261888096
645,0,-0.8763606385195949,0.0316938392410184
646,1,1.9983796680112358,0.3681996969979304
647,1,1.6256833767320171,-0.24912508171719994
648,1,0.7226953983350056,-0.5262813270199065
649,1,1.391988268747064,-0.39671466314301324
650,0,0.5833786829734489,0.8958643306553579
651,1,1.4351182670608278,-0.22533428286890175
652,1,1.7370272276642753,-0.13537492766767395
653,1,0.04256642565956054,0.5572179286494873
654,1,2.147835940126967,0.24515502882582946
655,1,1.4004441818825801,-0.47281012031164654
656,1,0.09723859172073575,0.15189536515169583
657,1,2.0285410460567657,0.3500498653750216
658,0,0.35969993945960443,0.7896771640037288
659,1,1.6751148097100468,0.06332764365138198
660,0,0.7187174260014284,0.8876041860723666
661,1,1.229770633735967,-0.3145134896928734
662,1,1.9764936804187414,0.3529329865274894
663,1,0.9478234705740379,-0.5381146504072317
664,0,0.770056672863313,0.6288023449755469
665,0,0.02027142951098118,1.0982737135882936
666,1,0.6088572877231027,-0.49021147880613064
667,0,0.8969390239496203,0.4974571609520825
668,0,-1.02842861978116,0.5860941097544333
669,0,-0.7055960468898138,0.441047512866644
670,1,0.9990105825190666,-0.6031948697101874
671,1,0.1435252489940164,-0.058181298710538266
672,1,1.1816517695772715,-0.44478725412537296
673,1,0.43237489701559284,-0.4158716027354368
674,0,0.5698953568260622,0.6491024654958701
675,0,0.9364356488733487,0.3481270651338656
676,0,0.6027061205923916,0.8951536261234763
677,0,-0.9614162743140474,0.43449907902501106
678,1,1.9903702335827715,-0.016967163132448393
679,0,0.2808862055002139,0.8581897064918532
680,1,0.5968262842867197,-0.31607269786915027
681,1,1.535518976547441,-0.2211932781242322
682,1,0.9829098233910264,-0.5755118394287779
683,0,0.8852009552777105,-0.02750860724638063
684,1,1.359652430809627,-0.3907321963390623
685,0,1.0609530633275608,0.06048732274091559
686,0,-0.9720073167316704,0.19186749310922913
687,1,0.40037992980636816,-0.10372585634572568
688,0,0.004234122726874658,1.0807090817880232
689,0,-0.15402907049669826,1.0452712853605566
690,1,0.9376542609750443,-0.6145821221759755
691,1,0.095539138673161,0.01664409822133401
692,1,0.14793875084218053,-0.17759014604378554
693,1,0.9139764369267067,-0.33471624810496753
694,1,1.7450493160061429,-0.10353847695224261
695,0,-0.13850969130453136,1.075490221123287
696,1,0.21915477179440224,-0.244023838258262
697,0,-0.29582439521262055,0.9907640394692935
698,0,-0.8372221113508873,0.6040930651699934
699,0,0.45593111416877175,0.7342788870429019
700,1,1.2976017878303947,-0.5360419218064627
701,1,0.38557768663754893,-0.4894127794438395
702,1,2.0140648180566454,-0.1627652613016755
703,1,0.15659428577942863,0.1600634986434552
704,1,1.7947565568109067,-0.01863932884261507
705,0,-0.8926803897600332,0.05079725328600399
706,0,0.5892789360975877,0.8892300601756473
707,0,0.8164616220015177,0.8124120959349338
708,1,0.9914762035264233,-0.504529850938833
709,1,1.9954272708322698,0.1839493335190569
710,1,0.8970460335845946,-0.5650528437637755
711,1,0.5636484772098938,-0.3898663761894938
712,0,-0.6616357241004889,0.7522442233952407
713,0,-1.022630312102769,0.3018080263782931
714,0,-0.4112790734532353,0.9535504658952917
715,0,0.42714156877883824,0.8677003166196552
716,0,0.7775935903938384,0.805694240194315
717,1,1.6590749150665784,-0.2546376236426938
718,1,0.15335710220718285,-0.10968586485178979
719,0,0.547556285242113,0.7813484212452343
720,1,1.8192458350459593,0.09779983392150979
721,0,0.30734847122470194,0.896511453923495
722,1,0.23597670589504718,-0.14576172737480955
723,0,-0.18194235327341038,1.037577223813121
724,0,-0.312149860939787,0.9429824905575909
725,0,-0.6810152622718857,0.5839806732337793
726,0,0.7031136636027131,0.7021851466630078
727,0,0.39202212460470653,0.8497692885977025
728,0,0.2047892459165816,0.8869081580749429
729,0,-0.8485949206052955,0.3179799789375062
730,0,0.00809022168786215,1.062823500046642
731,0,-0.8884454619433294,0.5615392016993886
732,1,1.7736751385417777,0.07865459187242475
733,1,1.1045303850180381,-0.49315992081020366
734,1,1.684669193768708,0.05565792806593699
735,1,1.4357470678889794,-0.328433811052443
736,1,1.7622460253042966,-0.0577966982461951
737,0,0.8848098328376888,0.6096387048759465
738,1,0.2910732013972711,-0.2424669030430646
739,0,-0.9187341389322194,0.6438296067831771
740,1,1.291403994956997,-0.42615332211222146
741,1,1.149997772041036,-0.36840908080792406
742,1,0.8048316839382345,-0.4899619360854817
743,1,1.7904768223421688,0.06472464495613417
744,0,0.025842624374842887,0.9790929611057566
745,1,0.39897737591709403,-0.3608992019157956
746,1,1.8070331536704003,-0.003152575039970404
747,1,1.1016974664545987,-0.5928343681102721
748,1,1.2709968174035653,-0.3360960789568704
749,1,1.8512531673565593,-0.05261466813131785
750,1,0.3551439057934736,-0.24769780075408027
751,1,1.7984608973409861,-0.2679536854252274
752,1,1.0516940105044057,-0.4127683667416419
753,0,-0.7777971676307648,0.7209568960007677
754,1,1.979687854943449,0.5091837361111848
755,1,0.1427949355766352,0.32383965942130793
756,0,-0.06295139858631202,0.9204603923795696
757,1,1.4409630520942247,-0.3996363910944335
758,0,-1.0290532336541367,0.45235774240190174
759,0,-0.9815243747528329,-0.006735265557994037
760,0,0.7220993556841135,0.6607104826681173
761,1,0.6766805490893296,-0.4441875043209389
762,0,-0.1449734314712255,0.9954569155904869
763,1,1.5536195536202868,-0.24893891772856255
764,1,0.09203819577399175,-0.2513261142857609
765,1,0.6368171676966047,-0.40914796439022316
766,0,-0.7372198035351895,0.7560767249448012
767,1,1.9602325592529537,0.5762609663350797
768,1,1.5254241473983614,-0.3023060503655458
769,0,0.19107830796986552,1.1388120803162416
770,1,1.1548634449236441,-0.5127443677761643
771,1,0.6683120061118826,-0.3219272891536579
772,0,-0.31552300454075755,0.7878697802192206
773,1,0.542909792253709,-0.3712064970754758
774,0,-0.829776519450676,0.5181207408248794
775,1,1.7254898155581535,-0.2210087069954092
776,1,0.5908286177864049,-0.45695694544992704
777,0,-0.7684728240402121,0.6735815062103366
778,0,-0.07311179409444911,0.7610756970302555
779,1,1.03548832059487,-0.7162904882435791
780,1,0.29601683156690173,-0.21570029215064
781,1,0.37431948850022567,-0.24238583094882837
782,0,-0.021576284560728548,0.99860826224071
783,0,-0.6200292174301643,0.634161743001512
784,0,-0.7382845724505069,0.8016786625222315
785,0,0.13846100511982057,1.0044418671364836
786,1,2.046633352237361,0.14762494173819707
787,1,1.2004685330679286,-0.39567563718317816
788,0,-0.8966069143115192,0.04753840762454031
789,0,-0.5156894508867518,0.8783701554812909
790,1,-0.204119244153946,0.38426033736480414
791,1,0.32346527554005655,-0.2837820795325561
792,1,1.9302654232703487,0.3527922736517879
793,1,2.0521813372763504,0.05805729693371372
794,1,1.7673822667870451,-0.06156357744208282
795,1,0.3161024901894047,-0.17640494716205732
796,1,1.5979174296518512,-0.34590893219022384
797,1,1.2708995088991086,-0.49761179825851065
798,1,0.4190299266639711,-0.38074893365067985
799,1,1.6062456503447269,-0.19388385394791594
800,1,0.090823054933718,0.12143253835997511
801,1,1.848412139393871,0.3806776054214295
802,1,0.009918503172102341,0.11036144809078763
803,1,1.3400227995041907,-0.48055992268128456
804,0,0.8365286238778472,0.3447483461116731
805,0,0.07690663238900484,1.0546787918478728
806,1,0.583401411694171,-0.4619194468079137
807,0,0.5428441221101735,0.8946377883530798
808,1,0.01173597502172216,0.20310690800944411
809,0,0.9281261312367807,0.23878963167546272
810,1,0.10727976818555914,0.1952350108772657
811,0,0.6767652698943348,0.7068333200722793
812,1,0.3835960120741089,-0.3321040637759247
813,1,1.7555667167978704,-0.24452536493778387
814,1,1.666606024898029,-0.2461849045485292
815,1,1.5803257717800516,-0.2875772329274661
816,1,1.9025060782973142,0.015047902236133559
817,1,0.83180882354935,-0.4804743776847701
818,0,0.8410546172514334,0.5667964420104915
819,1,0.12701716592123766,0.06138105837541956
820,0,0.06217552282840985,1.0497002722975308
821,1,0.9451591340189193,-0.6107845754887993
822,1,0.02004280279802316,0.1255608287887865
823,1,0.7594233861568289,-0.3248790439473617
824,0,-0.9491133106962893,0.13479366798842568
825,1,0.05458364463456316,0.3130843149971693
826,1,1.821258560260772,-0.1619963010657572
827,0,0.3270319258860217,0.8484868650102242
828,0,-0.8441614450960786,0.5262641019365999
829,1,1.318772867138225,-0.3967413216685764
830,0,-0.8146427540505131,0.5203703020609579
831,1,1.1019161697278312,-0.5384014801722625
832,1,1.5094888685372656,-0.2832911468793272
833,0,0.1349687012790397,0.8381682669327765
834,0,0.8787126199748493,-0.11911299629329694
835,1,1.1384847859587348,-0.4796883264615198
836,1,0.3827483409053667,-0.22668752044358703
837,1,2.0117277124958837,0.020119363663121725
838,1,0.2750537330854206,-0.290295951055685
839,1,1.0517456810153691,-0.6094149723502096
840,1,-0.02226384252862791,0.1606317423194663
841,1,0.7089999887482425,-0.48519576863934366
842,1,0.6127064299625691,-0.43067802535183225
843,0,0.6770036338036391,0.757084364565952
844,1,1.3858574787718267,-0.20462966918057868
845,1,0.786358458569469,-0.4037742987270641
846,1,0.17390096783387402,0.030266019264967046
847,0,-0.7064372954788775,0.5161353094275953
848,1,-0.03240095518302883,0.17498008872708887
849,0,0.9933521727868118,0.17230640886498425
850,0,0.9302095961465903,0.10774500952599207
851,1,1.1516986855836808,-0.44285333328144516
852,1,1.5351274253258975,-0.2815379978438765
853,0,0.42052761939048144,0.9186400662428911
854,0,0.6216812654514887,0.8332593125644998
855,0,1.0789213955403332,0.23582170459409157
856,1,1.6465395921795565,-0.14301236517092203
857,0,0.13231184527232634,1.0872011172579685
858,0,-1.0495773022729726,-0.0870787401006059
859,1,1.2033030218749892,-0.7202368537561312
860,0,-0.7894385772408805,0.5981294776922736
861,0,-0.3327150483503136,0.9033548814040077
862,0,-0.7632014252954358,0.561990514075969
863,1,0.5197113245725822,-0.287115111399767
864,0,-0.8732147361664298,0.5209038972422488
865,1,0.2408291768530253,0.0048036990404594845
866,0,-1.0414038878048193,-0.09589574516259562
867,0,0.7771060077925089,0.6087564765176826
868,0,0.8709221062361682,0.40107305307531904
869,0,-0.8223077338374866,0.20984918862880433
870,1,0.4417755933881768,-0.3501536027724831
871,0,0.7436546900080808,0.7309039018589087
872,1,1.8465725621184306,0.4270667733855707
873,1,0.09525229803368261,0.4467197794952926
874,1,1.5317911619268458,-0.4348075865528154
875,1,1.7651645340131088,0.28329206840851207
876,0,1.0172909418097957,0.4817130394130739
877,1,1.456856937115647,-0.430257073333625
878,0,1.0939898827656813,0.1712013595098164
879,0,0.517205997856677,0.8925819785621842
880,0,0.920221459511183,0.29777987512277515
881,0,-1.1159495533961084,-0.06594288899553381
882,0,-0.6326948200442079,0.77002819678627
883,0,0.44043541986202583,0.9314952791589345
884,1,0.8696759969472904,-0.5031291042510053
885,0,0.2502248641182457,0.929715127830812
886,1,1.1941877610301248,-0.33606364732370675
887,0,0.9414619514758239,0.3624952290723102
888,1,1.7932742024359536,-0.2803464105963771
889,0,-0.506048984995152,0.9708319829579636
890,1,1.1542865615737712,-0.4963611331750083
891,1,0.7877417515583415,-0.4574083428767468
892,1,0.8620737678905886,-0.362332512407109
893,0,-0.37223144407572306,0.9340621706595772
894,1,0.5988348765195307,-0.5448317809435659
895,0,0.024448136439317633,1.0728426146716628
896,1,0.7941431604166893,-0.41958670575380974
897,0,-0.8714763827399721,0.4110874152128783
898,0,-0.955599084437952,0.21590607674592083
899,1,1.909599165829519,0.3819524045346711
900,1,1.513265146637593,-0.5525307683661853
901,1,1.760121912996812,-0.3376449201212728
902,0,-0.18412804871541671,0.9788335215856009
903,0,0.23729349460059734,1.0376214191681457
904,0,0.6919926042953737,0.7895827728895646
905,1,0.020452639147546532,0.14591169509035412
906,1,0.9199896942521589,-0.5054964559312314
907,0,-0.6907727536917023,0.6817757559198715
908,1,0.5986964569136846,-0.40872984378670885
909,0,-0.8527038393981555,0.0997670783097895
910,1,1.4086149980731675,-0.44790602757824594
911,1,1.0893094311644405,-0.6410135617738937
912,0,0.6697956439214674,0.6209238266845788
913,1,0.21879454546797675,0.04689863215584393
914,0,-0.8274777838138562,0.7916274897993814
915,0,0.9002370100988815,-0.14321614937334215
916,1,1.8502140511647136,0.05984823130979855
917,1,1.8370071691938137,0.38165225814321513
918,1,0.15820252407287175,0.009592618503502862
919,0,0.8837029930551675,0.5182703653516791
920,0,0.26900681871218013,0.97772296972008
921,0,0.9949367246843205,0.13927995537689103
922,1,1.294725997822956,-0.3748426232920534
923,1,0.10836013544503477,0.540885893523919
924,0,-1.040756748655694,0.5212765943947545
925,0,-0.9011313211334205,0.1412480574079287
926,0,-0.6887843909747546,0.7677753240014937
927,0,0.9901125354988475,0.60730962459804
928,0,-0.6119356001065565,0.9979906752500758
929,1,1.8047385902469102,-0.12195967528879709
930,1,0.05064320587388749,-0.03823508861767866
931,0,-0.5755502275141327,0.8694047126190845
932,1,1.1313806755958344,-0.44827405618245075
933,0,-0.024306631325666822,0.9858849497686607
934,0,1.0251411884928994,0.0988232338535297
935,0,-0.5452767415859825,0.8766616519217663
936,1,0.34269542345264103,-0.13312361084914903
937,0,-0.7601065608959714,0.6403225378397511
938,0,-0.00627000884360468,1.1052083677591062
939,0,0.5744941218603764,0.7773823931815944
940,1,1.5717630241866547,-0.29091149496085716
941,1,1.9361546202053672,0.37759728668867887
942,1,0.5469816476327921,-0.32217895333854374
943,1,1.563364331269421,-0.31870103420168744
944,0,-0.958835261883761,0.13502417599059166
945,1,1.866816322978727,0.399275036742346
946,1,0.1278489148608103,0.5361401095665662
947,1,1.5047757721169968,-0.21714976537312067
948,0,0.024257463653570652,0.9434027785617124
949,1,0.09893884822484544,0.16531516227993504
950,1,1.555836257333305,-0.1781218930890406
951,1,0.14815061098117926,0.09523108812457423
952,1,0.710409443187227,-0.3634391316048564
953,0,0.5644754921708678,0.8607782149208223
954,1,1.277951887850368,-0.5706988946013113
955,1,0.5420096545066257,-0.6330802082755056
956,0,-0.9401571398136414,0.16710666238898292
957,1,0.538868987270024,-0.5680548622516606
958,1,-0.060153610567056134,0.43745218458790486
959,0,1.0054536451271918,0.3556059159618858
960,0,-0.9649536169921997,0.12289345626674575
961,1,0.22793207326187706,0.039530644615546076
962,1,1.5584465653368345,-0.32782315513190474
963,1,1.0331046035130391,-0.5933735186182566
964,0,-0.003524119155545815,1.0147180504458275
965,0,0.928780590454524,0.16152463014501972
966,0,-0.4799206366663793,0.8206092584002957
967,0,-0.9594932645110895,0.09979969158422675
968,0,0.341092441421988,0.8933607110611111
969,0,-0.07165788023989851,0.9441024984524033
970,1,1.9017499421448472,0.31701328612181756
971,0,0.25693426286705323,0.8102361473237907
972,0,-0.6896208382972074,0.6584811961595031
973,1,1.4381877008821147,-0.6321968655935366
974,0,-0.9830297397285594,0.5166577103607051
975,0,-0.9611412574431295,0.12657466101708006
976,0,-0.5395094191288268,0.8465071210490295
977,1,1.0874133520353524,-0.3492920710950925
978,0,-0.45930481347930047,0.9652514972787296
979,1,0.3823055562701543,-0.30062159794689614
980,0,0.590021357920268,0.7970315996851868
981,1,0.4920265350805958,-0.19832499126408518
982,1,1.667199701478924,-0.1831791125175122
983,0,0.7417981070791069,0.5577927312398102
984,0,-0.6875022000631568,0.5796022295217026
985,0,0.7261213233558024,0.5747401986921351
986,0,-0.9800176465140888,0.20190652183487987
987,0,-0.5517195016082226,0.8114333401367505
988,0,0.23177356148357267,1.0151808802011433
989,0,-1.1667849302211073,0.33342427727848767
990,0,0.8443554395549903,0.48045814499169903
991,1,0.3444252862380802,-0.06269806275360124
992,0,0.992123201529413,0.008837898928973145
993,1,0.7847495670620819,-0.47354249651065783
994,0,0.9511469730136685,0.6319904956755444
995,0,0.8081283794500508,0.5363889030468951
996,0,-0.1589212040049531,0.9206327884035155
997,1,1.6799242087644606,-0.3401619997988674
998,0,-0.9624727844445873,0.27651638349891283
999,0,0.7889105811059374,0.6148419043647031
